{"cameraMode":{"drawMode":0,"name":"Shaded","section":"Shading Mode"},"sceneLighting":true,"audioPlay":false,"sceneViewState":{"showFog":true,"showMaterialUpdate":false,"showSkybox":true,"showFlares":true,"showImageEffects":true,"showParticleSystems":true},"in2DMode":false,"pivot":{"x":0.1125698983669281,"y":2.243014335632324,"z":-7.467567443847656},"rotation":{"x":-0.00041205642628483474,"y":-0.9985449314117432,"z":0.05397413671016693,"w":-0.0068785762414336208},"size":3.4009618759155275,"orthographic":false}